[{"country_id":"2","country_name":"Afghanistan","country_code":"AF"},{"country_id":"4","country_name":"Albania","country_code":"AL"},{"country_id":"5","country_name":"Algeria","country_code":"DZ"},{"country_id":"146","country_name":"American Samoa","country_code":"AS"},{"country_id":"189","country_name":"Andorra","country_code":"AD"},{"country_id":"6","country_name":"Angola","country_code":"AO"},{"country_id":"7","country_name":"Antigua and Barbuda","country_code":"AG"},{"country_id":"8","country_name":"Argentina","country_code":"AR"},{"country_id":"190","country_name":"Armenia","country_code":"AM"},{"country_id":"191","country_name":"Aruba","country_code":"AW"},{"country_id":"9","country_name":"Australia","country_code":"AU"},{"country_id":"10","country_name":"Austria","country_code":"AT"},{"country_id":"11","country_name":"Azerbaijan","country_code":"AZ"},{"country_id":"12","country_name":"Bahamas","country_code":"BS"},{"country_id":"13","country_name":"Bahrain","country_code":"BH"},{"country_id":"14","country_name":"Bangladesh","country_code":"BD"},{"country_id":"15","country_name":"Barbados","country_code":"BB"},{"country_id":"192","country_name":"Belarus","country_code":"BY"},{"country_id":"16","country_name":"Belgium","country_code":"BE"},{"country_id":"17","country_name":"Belize","country_code":"BZ"},{"country_id":"18","country_name":"Benin","country_code":"BJ"},{"country_id":"19","country_name":"Bermuda","country_code":"BM"},{"country_id":"20","country_name":"Bhutan","country_code":"BT"},{"country_id":"21","country_name":"Bolivia","country_code":"BO"},{"country_id":"222","country_name":"Bonaire, Saint Eustatius and Saba","country_code":"BQ"},{"country_id":"194","country_name":"Bosnia and Herzegovina","country_code":"BA"},{"country_id":"22","country_name":"Botswana","country_code":"BW"},{"country_id":"23","country_name":"Brazil","country_code":"BR"},{"country_id":"232","country_name":"British Virgin Islands","country_code":"VG"},{"country_id":"24","country_name":"Brunei","country_code":"BN"},{"country_id":"25","country_name":"Bulgaria","country_code":"BG"},{"country_id":"26","country_name":"Burkina Faso","country_code":"BF"},{"country_id":"27","country_name":"Burundi","country_code":"BI"},{"country_id":"28","country_name":"Cambodia","country_code":"KH"},{"country_id":"29","country_name":"Cameroon","country_code":"CM"},{"country_id":"30","country_name":"Canada","country_code":"CA"},{"country_id":"196","country_name":"Cape Verde","country_code":"CV"},{"country_id":"31","country_name":"Cayman Islands","country_code":"KY"},{"country_id":"33","country_name":"Central African Republic","country_code":"CF"},{"country_id":"34","country_name":"Chad","country_code":"TD"},{"country_id":"35","country_name":"Chile","country_code":"CL"},{"country_id":"36","country_name":"China","country_code":"CN"},{"country_id":"37","country_name":"Colombia","country_code":"CO"},{"country_id":"38","country_name":"Comoros","country_code":"KM"},{"country_id":"39","country_name":"Congo (Brazzaville)","country_code":"CG"},{"country_id":"235","country_name":"Congo (Kinshasa)","country_code":"CD"},{"country_id":"40","country_name":"Cook Islands","country_code":"CK"},{"country_id":"41","country_name":"Costa Rica","country_code":"CR"},{"country_id":"198","country_name":"Croatia","country_code":"HR"},{"country_id":"43","country_name":"Cuba","country_code":"CU"},{"country_id":"44","country_name":"Cyprus","country_code":"CY"},{"country_id":"45","country_name":"Czech Republic","country_code":"CZ"},{"country_id":"47","country_name":"Denmark","country_code":"DK"},{"country_id":"48","country_name":"Djibouti","country_code":"DJ"},{"country_id":"49","country_name":"Dominica","country_code":"DM"},{"country_id":"50","country_name":"Dominican Republic","country_code":"DO"},{"country_id":"51","country_name":"Ecuador","country_code":"EC"},{"country_id":"52","country_name":"Egypt","country_code":"EG"},{"country_id":"53","country_name":"El Salvador","country_code":"SV"},{"country_id":"54","country_name":"Equatorial Guinea","country_code":"GQ"},{"country_id":"55","country_name":"Eritrea","country_code":"ER"},{"country_id":"200","country_name":"Estonia","country_code":"EE"},{"country_id":"56","country_name":"Ethiopia","country_code":"ET"},{"country_id":"202","country_name":"Falkland Islands","country_code":"FK"},{"country_id":"57","country_name":"Faroe Islands","country_code":"FO"},{"country_id":"58","country_name":"Fiji","country_code":"FJ"},{"country_id":"59","country_name":"Finland","country_code":"FI"},{"country_id":"61","country_name":"France","country_code":"FR"},{"country_id":"62","country_name":"French Guiana","country_code":"GF"},{"country_id":"63","country_name":"French Polynesia","country_code":"PF"},{"country_id":"64","country_name":"Gabon","country_code":"GA"},{"country_id":"65","country_name":"Gambia","country_code":"GM"},{"country_id":"203","country_name":"Georgia","country_code":"GE"},{"country_id":"66","country_name":"Germany","country_code":"DE"},{"country_id":"67","country_name":"Ghana","country_code":"GH"},{"country_id":"68","country_name":"Gibraltar","country_code":"GI"},{"country_id":"70","country_name":"Greece","country_code":"GR"},{"country_id":"71","country_name":"Greenland","country_code":"GL"},{"country_id":"72","country_name":"Grenada","country_code":"GD"},{"country_id":"73","country_name":"Guadeloupe","country_code":"GP"},{"country_id":"74","country_name":"Guam","country_code":"GU"},{"country_id":"75","country_name":"Guatemala","country_code":"GT"},{"country_id":"204","country_name":"Guernsey","country_code":"GG"},{"country_id":"76","country_name":"Guinea","country_code":"GN"},{"country_id":"77","country_name":"Guinea-Bissau","country_code":"GW"},{"country_id":"78","country_name":"Guyana","country_code":"GY"},{"country_id":"79","country_name":"Haiti","country_code":"HT"},{"country_id":"80","country_name":"Honduras","country_code":"HN"},{"country_id":"81","country_name":"Hong Kong","country_code":"HK"},{"country_id":"82","country_name":"Hungary","country_code":"HU"},{"country_id":"83","country_name":"Iceland","country_code":"IS"},{"country_id":"84","country_name":"India","country_code":"IN"},{"country_id":"0","country_name":"Indonesia","country_code":"ID"},{"country_id":"85","country_name":"Iran","country_code":"IR"},{"country_id":"86","country_name":"Iraq","country_code":"IQ"},{"country_id":"87","country_name":"Ireland","country_code":"IE"},{"country_id":"88","country_name":"Israel","country_code":"IL"},{"country_id":"89","country_name":"Italy","country_code":"IT"},{"country_id":"42","country_name":"Ivory Coast","country_code":"CI"},{"country_id":"90","country_name":"Jamaica","country_code":"JM"},{"country_id":"91","country_name":"Japan","country_code":"JP"},{"country_id":"205","country_name":"Jersey","country_code":"JE"},{"country_id":"92","country_name":"Jordan","country_code":"JO"},{"country_id":"93","country_name":"Kazakhstan","country_code":"KZ"},{"country_id":"94","country_name":"Kenya","country_code":"KE"},{"country_id":"95","country_name":"Kiribati","country_code":"KI"},{"country_id":"97","country_name":"Kuwait","country_code":"KW"},{"country_id":"206","country_name":"Kyrgyzstan","country_code":"KG"},{"country_id":"98","country_name":"Laos","country_code":"LA"},{"country_id":"207","country_name":"Latvia","country_code":"LV"},{"country_id":"99","country_name":"Lebanon","country_code":"LB"},{"country_id":"100","country_name":"Lesotho","country_code":"LS"},{"country_id":"101","country_name":"Liberia","country_code":"LR"},{"country_id":"102","country_name":"Libya","country_code":"LY"},{"country_id":"208","country_name":"Liechtenstein","country_code":"LI"},{"country_id":"209","country_name":"Lithuania","country_code":"LT"},{"country_id":"103","country_name":"Luxembourg","country_code":"LU"},{"country_id":"104","country_name":"Macao S.A.R., China","country_code":"MO"},{"country_id":"60","country_name":"Macedonia","country_code":"MK"},{"country_id":"105","country_name":"Madagascar","country_code":"MG"},{"country_id":"107","country_name":"Malawi","country_code":"MW"},{"country_id":"108","country_name":"Malaysia","country_code":"MY"},{"country_id":"109","country_name":"Maldives","country_code":"MV"},{"country_id":"110","country_name":"Mali","country_code":"ML"},{"country_id":"111","country_name":"Malta","country_code":"MT"},{"country_id":"113","country_name":"Martinique","country_code":"MQ"},{"country_id":"114","country_name":"Mauritania","country_code":"MR"},{"country_id":"115","country_name":"Mauritius","country_code":"MU"},{"country_id":"116","country_name":"Mexico","country_code":"MX"},{"country_id":"210","country_name":"Moldova","country_code":"MD"},{"country_id":"211","country_name":"Monaco","country_code":"MC"},{"country_id":"117","country_name":"Mongolia","country_code":"MN"},{"country_id":"212","country_name":"Montenegro","country_code":"ME"},{"country_id":"118","country_name":"Montserrat","country_code":"MS"},{"country_id":"119","country_name":"Morocco","country_code":"MA"},{"country_id":"120","country_name":"Mozambique","country_code":"MZ"},{"country_id":"121","country_name":"Myanmar","country_code":"MM"},{"country_id":"122","country_name":"Namibia","country_code":"NA"},{"country_id":"123","country_name":"Nauru","country_code":"NR"},{"country_id":"124","country_name":"Nepal","country_code":"NP"},{"country_id":"125","country_name":"Netherlands","country_code":"NL"},{"country_id":"127","country_name":"New Caledonia","country_code":"NC"},{"country_id":"128","country_name":"New Zealand","country_code":"NZ"},{"country_id":"129","country_name":"Nicaragua","country_code":"NI"},{"country_id":"130","country_name":"Niger","country_code":"NE"},{"country_id":"131","country_name":"Nigeria","country_code":"NG"},{"country_id":"214","country_name":"Niue","country_code":"NU"},{"country_id":"96","country_name":"North Korea","country_code":"KP"},{"country_id":"112","country_name":"Northern Mariana Islands","country_code":"MP"},{"country_id":"132","country_name":"Norway","country_code":"NO"},{"country_id":"133","country_name":"Oman","country_code":"OM"},{"country_id":"134","country_name":"Pakistan","country_code":"PK"},{"country_id":"135","country_name":"Panama","country_code":"PA"},{"country_id":"136","country_name":"Papua New Guinea","country_code":"PG"},{"country_id":"137","country_name":"Paraguay","country_code":"PY"},{"country_id":"138","country_name":"Peru","country_code":"PE"},{"country_id":"139","country_name":"Philippines","country_code":"PH"},{"country_id":"140","country_name":"Poland","country_code":"PL"},{"country_id":"141","country_name":"Portugal","country_code":"PT"},{"country_id":"215","country_name":"Puerto Rico","country_code":"PR"},{"country_id":"142","country_name":"Qatar","country_code":"QA"},{"country_id":"216","country_name":"Reunion","country_code":"RE"},{"country_id":"143","country_name":"Romania","country_code":"RO"},{"country_id":"144","country_name":"Russia","country_code":"RU"},{"country_id":"145","country_name":"Rwanda","country_code":"RW"},{"country_id":"221","country_name":"Saint Barth&eacute;lemy","country_code":"BL"},{"country_id":"158","country_name":"Saint Helena","country_code":"SH"},{"country_id":"223","country_name":"Saint Kitts and Nevis","country_code":"KN"},{"country_id":"224","country_name":"Saint Lucia","country_code":"LC"},{"country_id":"225","country_name":"Saint Martin (Dutch part)","country_code":"SX"},{"country_id":"226","country_name":"Saint Vincent and the Grenadines","country_code":"VC"},{"country_id":"185","country_name":"Samoa","country_code":"WS"},{"country_id":"147","country_name":"Saudi Arabia","country_code":"SA"},{"country_id":"149","country_name":"Senegal","country_code":"SN"},{"country_id":"218","country_name":"Serbia","country_code":"RS"},{"country_id":"150","country_name":"Seychelles","country_code":"SC"},{"country_id":"151","country_name":"Sierra Leone","country_code":"SL"},{"country_id":"152","country_name":"Singapore","country_code":"SG"},{"country_id":"153","country_name":"Slovakia","country_code":"SK"},{"country_id":"219","country_name":"Slovenia","country_code":"SI"},{"country_id":"154","country_name":"Solomon Islands","country_code":"SB"},{"country_id":"220","country_name":"Somalia","country_code":"SO"},{"country_id":"155","country_name":"South Africa","country_code":"ZA"},{"country_id":"46","country_name":"South Korea","country_code":"KR"},{"country_id":"156","country_name":"Spain","country_code":"ES"},{"country_id":"157","country_name":"Sri Lanka","country_code":"LK"},{"country_id":"159","country_name":"Sudan","country_code":"SD"},{"country_id":"160","country_name":"Suriname","country_code":"SR"},{"country_id":"161","country_name":"Swaziland","country_code":"SZ"},{"country_id":"162","country_name":"Sweden","country_code":"SE"},{"country_id":"163","country_name":"Switzerland","country_code":"CH"},{"country_id":"164","country_name":"Syria","country_code":"SY"},{"country_id":"165","country_name":"Taiwan","country_code":"TW"},{"country_id":"228","country_name":"Tajikistan","country_code":"TJ"},{"country_id":"166","country_name":"Tanzania","country_code":"TZ"},{"country_id":"167","country_name":"Thailand","country_code":"TH"},{"country_id":"168","country_name":"Timor-Leste","country_code":"TL"},{"country_id":"169","country_name":"Togo","country_code":"TG"},{"country_id":"170","country_name":"Tonga","country_code":"TO"},{"country_id":"172","country_name":"Trinidad and Tobago","country_code":"TT"},{"country_id":"173","country_name":"Tunisia","country_code":"TN"},{"country_id":"174","country_name":"Turkey","country_code":"TR"},{"country_id":"229","country_name":"Turkmenistan","country_code":"TM"},{"country_id":"175","country_name":"Turks and Caicos Islands","country_code":"TC"},{"country_id":"176","country_name":"Tuvalu","country_code":"TV"},{"country_id":"177","country_name":"Uganda","country_code":"UG"},{"country_id":"230","country_name":"Ukraine","country_code":"UA"},{"country_id":"178","country_name":"United Arab Emirates","country_code":"AE"},{"country_id":"69","country_name":"United Kingdom (UK)","country_code":"GB"},{"country_id":"179","country_name":"United States (US)","country_code":"US"},{"country_id":"233","country_name":"United States (US) Virgin Islands","country_code":"VI"},{"country_id":"180","country_name":"Uruguay","country_code":"UY"},{"country_id":"231","country_name":"Uzbekistan","country_code":"UZ"},{"country_id":"181","country_name":"Vanuatu","country_code":"VU"},{"country_id":"182","country_name":"Vatican","country_code":"VA"},{"country_id":"183","country_name":"Venezuela","country_code":"VE"},{"country_id":"184","country_name":"Vietnam","country_code":"VN"},{"country_id":"186","country_name":"Yemen","country_code":"YE"},{"country_id":"187","country_name":"Zambia","country_code":"ZM"},{"country_id":"188","country_name":"Zimbabwe","country_code":"ZW"}]