[{"province_id":"1","province":"Bali","code":"BA"},{"province_id":"2","province":"Bangka Belitung","code":"BB"},{"province_id":"3","province":"Banten","code":"BT"},{"province_id":"4","province":"Bengkulu","code":"BE"},{"province_id":"5","province":"DI Yogyakarta","code":"YO"},{"province_id":"6","province":"DKI Jakarta","code":"JK"},{"province_id":"7","province":"Gorontalo","code":"GO"},{"province_id":"8","province":"Jambi","code":"JA"},{"province_id":"9","province":"Jawa Barat","code":"JB"},{"province_id":"10","province":"Jawa Tengah","code":"JT"},{"province_id":"11","province":"Jawa Timur","code":"JI"},{"province_id":"12","province":"Kalimantan Barat","code":"KB"},{"province_id":"13","province":"Kalimantan Selatan","code":"KS"},{"province_id":"14","province":"Kalimantan Tengah","code":"KT"},{"province_id":"15","province":"Kalimantan Timur","code":"KI"},{"province_id":"16","province":"Kalimantan Utara","code":"KU"},{"province_id":"17","province":"Kepulauan Riau","code":"KR"},{"province_id":"18","province":"Lampung","code":"LA"},{"province_id":"19","province":"Maluku","code":"MA"},{"province_id":"20","province":"Maluku Utara","code":"MU"},{"province_id":"21","province":"Nanggroe Aceh Darussalam (NAD)","code":"AC"},{"province_id":"22","province":"Nusa Tenggara Barat (NTB)","code":"NB"},{"province_id":"23","province":"Nusa Tenggara Timur (NTT)","code":"NT"},{"province_id":"24","province":"Papua","code":"PA"},{"province_id":"25","province":"Papua Barat","code":"PB"},{"province_id":"26","province":"Riau","code":"RI"},{"province_id":"27","province":"Sulawesi Barat","code":"SR"},{"province_id":"28","province":"Sulawesi Selatan","code":"SN"},{"province_id":"29","province":"Sulawesi Tengah","code":"ST"},{"province_id":"30","province":"Sulawesi Tenggara","code":"SG"},{"province_id":"31","province":"Sulawesi Utara","code":"SA"},{"province_id":"32","province":"Sumatera Barat","code":"SB"},{"province_id":"33","province":"Sumatera Selatan","code":"SS"},{"province_id":"34","province":"Sumatera Utara","code":"SU"}]